round_epochs,val_mean_absolute_error,loss,mean_absolute_error,val_loss,optimizer,dropout,losses,batch_size,epochs,lr
5,137.515625,85.0625,85.06875,137.521875,<class 'keras.optimizers.Adam'>,0.864,mean_absolute_error,25,5,0.01
5,60.7921875,50.275,50.271875,60.7921875,<class 'keras.optimizers.Adam'>,0.76,mean_absolute_error,25,5,0.01
5,27.74921875,30.71328125,30.7140625,27.75,<class 'keras.optimizers.Adam'>,0.356,mean_absolute_error,25,5,0.01
5,55.2984375,72.7828125,72.7859375,55.3,<class 'keras.optimizers.Adam'>,0.792,mean_absolute_error,25,5,0.01
5,28.18828125,33.05390625,33.0515625,28.18671875,<class 'keras.optimizers.Adam'>,0.556,mean_absolute_error,25,5,0.01
5,28.3875,33.00078125,32.99609375,28.38828125,<class 'keras.optimizers.Adam'>,0.392,mean_absolute_error,25,5,0.01
5,88.0125,100.9,100.9,88.0125,<class 'keras.optimizers.Adam'>,0.184,mean_absolute_error,25,5,0.01
5,26.90078125,32.23828125,32.23828125,26.90078125,<class 'keras.optimizers.Adam'>,0.468,mean_absolute_error,25,5,0.01
5,58.209375,64.2359375,64.2359375,58.2078125,<class 'keras.optimizers.Adam'>,0.40800000000000003,mean_absolute_error,25,5,0.01
5,30.1546875,35.1078125,35.1078125,30.15390625,<class 'keras.optimizers.Adam'>,0.076,mean_absolute_error,25,5,0.01
5,111.578125,110.36875,110.36875,111.58125,<class 'keras.optimizers.Adam'>,0.976,mean_absolute_error,25,5,0.01
5,57.95625,82.221875,82.225,57.9578125,<class 'keras.optimizers.Adam'>,0.744,mean_absolute_error,25,5,0.01
5,45.646875,41.81875,41.8171875,45.646875,<class 'keras.optimizers.Adam'>,0.664,mean_absolute_error,25,5,0.01
5,111.578125,110.375,110.36875,111.58125,<class 'keras.optimizers.Adam'>,0.9400000000000001,mean_absolute_error,25,5,0.01
5,111.578125,110.36875,110.36875,111.58125,<class 'keras.optimizers.Adam'>,0.972,mean_absolute_error,25,5,0.01
5,29.20703125,31.71328125,31.715625,29.2078125,<class 'keras.optimizers.Adam'>,0.484,mean_absolute_error,25,5,0.01
5,64.3109375,66.609375,66.609375,64.3140625,<class 'keras.optimizers.Adam'>,0.5720000000000001,mean_absolute_error,25,5,0.01
5,30.6125,35.32890625,35.32890625,30.61328125,<class 'keras.optimizers.Adam'>,0.492,mean_absolute_error,25,5,0.01
5,29.35703125,34.5453125,34.54375,29.3578125,<class 'keras.optimizers.Adam'>,0.164,mean_absolute_error,25,5,0.01
5,25.37265625,27.08203125,27.08203125,25.37265625,<class 'keras.optimizers.Adam'>,0.02,mean_absolute_error,25,5,0.01
5,28.72421875,33.4953125,33.4953125,28.725,<class 'keras.optimizers.Adam'>,0.508,mean_absolute_error,25,5,0.01
5,36.7640625,43.14375,43.14375,36.7640625,<class 'keras.optimizers.Adam'>,0.04,mean_absolute_error,25,5,0.01
5,65.5390625,73.515625,73.515625,65.5390625,<class 'keras.optimizers.Adam'>,0.048,mean_absolute_error,25,5,0.01
5,27.6984375,38.1578125,38.1578125,27.69921875,<class 'keras.optimizers.Adam'>,0.768,mean_absolute_error,25,5,0.01
5,111.578125,110.36875,110.375,111.58125,<class 'keras.optimizers.Adam'>,0.928,mean_absolute_error,25,5,0.01
5,39.490625,45.8640625,45.8625,39.4921875,<class 'keras.optimizers.Adam'>,0.228,mean_absolute_error,25,5,0.01
5,29.66640625,36.4203125,36.421875,29.66640625,<class 'keras.optimizers.Adam'>,0.296,mean_absolute_error,25,5,0.01
5,33.37578125,34.88046875,34.88046875,33.37578125,<class 'keras.optimizers.Adam'>,0.47600000000000003,mean_absolute_error,25,5,0.01
5,27.87578125,32.14296875,32.1421875,27.875,<class 'keras.optimizers.Adam'>,0.584,mean_absolute_error,25,5,0.01
5,43.1953125,51.178125,51.1765625,43.1953125,<class 'keras.optimizers.Adam'>,0.196,mean_absolute_error,25,5,0.01
5,63.09375,72.421875,72.428125,63.0921875,<class 'keras.optimizers.Adam'>,0.124,mean_absolute_error,25,5,0.01
5,38.025,47.3234375,47.325,38.025,<class 'keras.optimizers.Adam'>,0.532,mean_absolute_error,25,5,0.01
5,38.0,41.9953125,41.9953125,38.0015625,<class 'keras.optimizers.Adam'>,0.54,mean_absolute_error,25,5,0.01
5,52.2046875,61.0140625,61.0171875,52.20625,<class 'keras.optimizers.Adam'>,0.148,mean_absolute_error,25,5,0.01
5,32.48359375,36.5265625,36.525,32.484375,<class 'keras.optimizers.Adam'>,0.704,mean_absolute_error,25,5,0.01
5,51.2078125,60.6234375,60.6234375,51.20625,<class 'keras.optimizers.Adam'>,0.23600000000000002,mean_absolute_error,25,5,0.01
5,30.67734375,34.6203125,34.621875,30.67734375,<class 'keras.optimizers.Adam'>,0.244,mean_absolute_error,25,5,0.01
5,44.4125,50.2078125,50.2078125,44.4125,<class 'keras.optimizers.Adam'>,0.16,mean_absolute_error,25,5,0.01
5,111.578125,110.371875,110.371875,111.58125,<class 'keras.optimizers.Adam'>,0.96,mean_absolute_error,25,5,0.01
5,48.4484375,59.5453125,59.5453125,48.446875,<class 'keras.optimizers.Adam'>,0.20400000000000001,mean_absolute_error,25,5,0.01
5,24.1296875,26.91796875,26.91796875,24.12890625,<class 'keras.optimizers.Adam'>,0.28,mean_absolute_error,25,5,0.01
5,65.7125,76.775,76.775,65.7109375,<class 'keras.optimizers.Adam'>,0.17200000000000001,mean_absolute_error,25,5,0.01
5,31.4046875,37.0765625,37.0765625,31.4046875,<class 'keras.optimizers.Adam'>,0.068,mean_absolute_error,25,5,0.01
5,27.640625,30.590625,30.5890625,27.640625,<class 'keras.optimizers.Adam'>,0.5640000000000001,mean_absolute_error,25,5,0.01
5,178.16875,104.565625,104.565625,178.16875,<class 'keras.optimizers.Adam'>,0.856,mean_absolute_error,25,5,0.01
5,30.44453125,35.60859375,35.60703125,30.44375,<class 'keras.optimizers.Adam'>,0.368,mean_absolute_error,25,5,0.01
5,130.45,79.959375,79.95625,130.453125,<class 'keras.optimizers.Adam'>,0.748,mean_absolute_error,25,5,0.01
5,33.96484375,38.821875,38.821875,33.96484375,<class 'keras.optimizers.Adam'>,0.528,mean_absolute_error,25,5,0.01
5,101.678125,91.0375,91.034375,101.68125,<class 'keras.optimizers.Adam'>,0.872,mean_absolute_error,25,5,0.01
5,139.9,81.14375,81.14375,139.9,<class 'keras.optimizers.Adam'>,0.844,mean_absolute_error,25,5,0.01
5,34.97109375,39.20625,39.20625,34.97109375,<class 'keras.optimizers.Adam'>,0.604,mean_absolute_error,25,5,0.01
5,45.1140625,58.896875,58.896875,45.1125,<class 'keras.optimizers.Adam'>,0.8280000000000001,mean_absolute_error,25,5,0.01
5,63.0875,71.625,71.621875,63.0890625,<class 'keras.optimizers.Adam'>,0.216,mean_absolute_error,25,5,0.01
5,38.33125,44.5953125,44.5921875,38.3296875,<class 'keras.optimizers.Adam'>,0.38,mean_absolute_error,25,5,0.01
5,58.1328125,64.8109375,64.8125,58.13125,<class 'keras.optimizers.Adam'>,0.6880000000000001,mean_absolute_error,25,5,0.01
5,26.35390625,47.234375,47.2359375,26.353125,<class 'keras.optimizers.Adam'>,0.836,mean_absolute_error,25,5,0.01
5,88.784375,75.565625,75.565625,88.7875,<class 'keras.optimizers.Adam'>,0.68,mean_absolute_error,25,5,0.01
5,26.2109375,29.665625,29.6671875,26.2125,<class 'keras.optimizers.Adam'>,0.48,mean_absolute_error,25,5,0.01
5,25.2015625,29.61796875,29.61796875,25.20078125,<class 'keras.optimizers.Adam'>,0.14400000000000002,mean_absolute_error,25,5,0.01
5,34.1140625,37.625,37.625,34.1140625,<class 'keras.optimizers.Adam'>,0.4,mean_absolute_error,25,5,0.01
5,45.203125,52.140625,52.1421875,45.2015625,<class 'keras.optimizers.Adam'>,0.42,mean_absolute_error,25,5,0.01
5,45.55,48.878125,48.8796875,45.55,<class 'keras.optimizers.Adam'>,0.7000000000000001,mean_absolute_error,25,5,0.01
5,62.6625,56.7,56.6984375,62.6625,<class 'keras.optimizers.Adam'>,0.884,mean_absolute_error,25,5,0.01
5,27.3109375,32.971875,32.971875,27.31171875,<class 'keras.optimizers.Adam'>,0.26,mean_absolute_error,25,5,0.01
5,175.34375,134.99375,135.00625,175.34375,<class 'keras.optimizers.Adam'>,0.8160000000000001,mean_absolute_error,25,5,0.01
5,52.7921875,55.221875,55.21875,52.7921875,<class 'keras.optimizers.Adam'>,0.64,mean_absolute_error,25,5,0.01
5,43.4703125,50.2640625,50.2640625,43.46875,<class 'keras.optimizers.Adam'>,0.1,mean_absolute_error,25,5,0.01
5,30.5953125,36.8015625,36.8015625,30.59453125,<class 'keras.optimizers.Adam'>,0.256,mean_absolute_error,25,5,0.01
5,47.9328125,49.278125,49.278125,47.9328125,<class 'keras.optimizers.Adam'>,0.6920000000000001,mean_absolute_error,25,5,0.01
5,30.62265625,36.6671875,36.6703125,30.625,<class 'keras.optimizers.Adam'>,0.34800000000000003,mean_absolute_error,25,5,0.01
5,50.48125,65.6015625,65.6,50.4828125,<class 'keras.optimizers.Adam'>,0.808,mean_absolute_error,25,5,0.01
5,22.93125,27.66796875,27.66953125,22.93125,<class 'keras.optimizers.Adam'>,0.504,mean_absolute_error,25,5,0.01
5,111.578125,110.375,110.371875,111.58125,<class 'keras.optimizers.Adam'>,0.9560000000000001,mean_absolute_error,25,5,0.01
5,47.4140625,54.271875,54.271875,47.4140625,<class 'keras.optimizers.Adam'>,0.232,mean_absolute_error,25,5,0.01
5,27.5171875,33.67109375,33.67265625,27.5171875,<class 'keras.optimizers.Adam'>,0.56,mean_absolute_error,25,5,0.01
5,29.009375,38.2296875,38.228125,29.01015625,<class 'keras.optimizers.Adam'>,0.652,mean_absolute_error,25,5,0.01
5,39.1859375,37.190625,37.1921875,39.1859375,<class 'keras.optimizers.Adam'>,0.616,mean_absolute_error,25,5,0.01
5,25.15625,27.58671875,27.5859375,25.15390625,<class 'keras.optimizers.Adam'>,0.064,mean_absolute_error,25,5,0.01
5,36.2515625,42.503125,42.5015625,36.253125,<class 'keras.optimizers.Adam'>,0.712,mean_absolute_error,25,5,0.01
5,30.99921875,34.0828125,34.0796875,30.9984375,<class 'keras.optimizers.Adam'>,0.168,mean_absolute_error,25,5,0.01
5,22.91796875,27.81328125,27.81328125,22.9171875,<class 'keras.optimizers.Adam'>,0.496,mean_absolute_error,25,5,0.01
5,33.325,36.825,36.825,33.325,<class 'keras.optimizers.Adam'>,0.016,mean_absolute_error,25,5,0.01
5,31.771875,39.115625,39.1171875,31.7703125,<class 'keras.optimizers.Adam'>,0.46,mean_absolute_error,25,5,0.01
5,24.86953125,27.615625,27.615625,24.86796875,<class 'keras.optimizers.Adam'>,0.608,mean_absolute_error,25,5,0.01
5,31.30859375,35.63046875,35.62890625,31.309375,<class 'keras.optimizers.Adam'>,0.624,mean_absolute_error,25,5,0.01
5,66.3140625,74.8046875,74.8078125,66.3140625,<class 'keras.optimizers.Adam'>,0.108,mean_absolute_error,25,5,0.01
5,102.040625,68.334375,68.334375,102.046875,<class 'keras.optimizers.Adam'>,0.736,mean_absolute_error,25,5,0.01
5,25.38828125,29.321875,29.32265625,25.3875,<class 'keras.optimizers.Adam'>,0.34400000000000003,mean_absolute_error,25,5,0.01
5,45.6421875,52.609375,52.609375,45.6421875,<class 'keras.optimizers.Adam'>,0.328,mean_absolute_error,25,5,0.01
5,32.60859375,38.3609375,38.359375,32.6078125,<class 'keras.optimizers.Adam'>,0.52,mean_absolute_error,25,5,0.01
5,111.578125,110.36875,110.36875,111.58125,<class 'keras.optimizers.Adam'>,0.984,mean_absolute_error,25,5,0.01
5,95.78125,76.90625,76.90625,95.784375,<class 'keras.optimizers.Adam'>,0.708,mean_absolute_error,25,5,0.01
5,24.96953125,29.95546875,29.95625,24.96953125,<class 'keras.optimizers.Adam'>,0.316,mean_absolute_error,25,5,0.01
5,35.634375,41.084375,41.0828125,35.634375,<class 'keras.optimizers.Adam'>,0.36,mean_absolute_error,25,5,0.01
5,54.878125,60.75,60.75,54.8765625,<class 'keras.optimizers.Adam'>,0.596,mean_absolute_error,25,5,0.01
5,22.91171875,27.6625,27.6625,22.91171875,<class 'keras.optimizers.Adam'>,0.448,mean_absolute_error,25,5,0.01
5,42.4890625,48.4515625,48.4515625,42.4875,<class 'keras.optimizers.Adam'>,0.24,mean_absolute_error,25,5,0.01
5,34.21953125,38.284375,38.284375,34.22265625,<class 'keras.optimizers.Adam'>,0.088,mean_absolute_error,25,5,0.01
5,29.03828125,31.978125,31.9765625,29.03828125,<class 'keras.optimizers.Adam'>,0.376,mean_absolute_error,25,5,0.01
5,48.928125,47.00625,47.00625,48.93125,<class 'keras.optimizers.Adam'>,0.636,mean_absolute_error,25,5,0.01
5,33.175,36.46484375,36.46484375,33.175,<class 'keras.optimizers.Adam'>,0.22,mean_absolute_error,25,5,0.01
5,39.715625,49.484375,49.484375,39.7171875,<class 'keras.optimizers.Adam'>,0.752,mean_absolute_error,25,5,0.01
5,50.2671875,57.6265625,57.6265625,50.2703125,<class 'keras.optimizers.Adam'>,0.128,mean_absolute_error,25,5,0.01
5,111.578125,110.371875,110.375,111.58125,<class 'keras.optimizers.Adam'>,0.916,mean_absolute_error,25,5,0.01
5,26.2546875,31.64921875,31.64765625,26.25625,<class 'keras.optimizers.Adam'>,0.44,mean_absolute_error,25,5,0.01
5,45.1640625,50.31875,50.31875,45.1640625,<class 'keras.optimizers.Adam'>,0.512,mean_absolute_error,25,5,0.01
5,39.4421875,58.7609375,58.7625,39.4421875,<class 'keras.optimizers.Adam'>,0.716,mean_absolute_error,25,5,0.01
5,31.6390625,35.63125,35.628125,31.640625,<class 'keras.optimizers.Adam'>,0.192,mean_absolute_error,25,5,0.01
5,30.50234375,34.946875,34.9484375,30.50234375,<class 'keras.optimizers.Adam'>,0.364,mean_absolute_error,25,5,0.01
5,168.63125,133.79375,133.79375,168.63125,<class 'keras.optimizers.Adam'>,0.732,mean_absolute_error,25,5,0.01
5,56.628125,67.5671875,67.5671875,56.628125,<class 'keras.optimizers.Adam'>,0.024,mean_absolute_error,25,5,0.01
5,21.0421875,23.28671875,23.28671875,21.04140625,<class 'keras.optimizers.Adam'>,0.212,mean_absolute_error,25,5,0.01
5,31.88984375,36.2828125,36.2828125,31.88984375,<class 'keras.optimizers.Adam'>,0.444,mean_absolute_error,25,5,0.01
5,42.4515625,48.490625,48.490625,42.4515625,<class 'keras.optimizers.Adam'>,0.036000000000000004,mean_absolute_error,25,5,0.01
5,62.053125,59.29375,59.29375,62.053125,<class 'keras.optimizers.Adam'>,0.728,mean_absolute_error,25,5,0.01
5,41.1,46.940625,46.9390625,41.1,<class 'keras.optimizers.Adam'>,0.388,mean_absolute_error,25,5,0.01
5,48.79375,52.459375,52.459375,48.7953125,<class 'keras.optimizers.Adam'>,0.34,mean_absolute_error,25,5,0.01
5,56.5609375,66.98125,66.9796875,56.5625,<class 'keras.optimizers.Adam'>,0.012,mean_absolute_error,25,5,0.01
5,56.43125,55.96875,55.9703125,56.4328125,<class 'keras.optimizers.Adam'>,0.644,mean_absolute_error,25,5,0.01
5,65.4828125,72.4921875,72.4921875,65.4828125,<class 'keras.optimizers.Adam'>,0.3,mean_absolute_error,25,5,0.01
5,34.04375,40.221875,40.2234375,34.0453125,<class 'keras.optimizers.Adam'>,0.62,mean_absolute_error,25,5,0.01
5,131.709375,125.4,125.390625,131.709375,<class 'keras.optimizers.Adam'>,0.648,mean_absolute_error,25,5,0.01
5,53.3359375,53.4765625,53.478125,53.3375,<class 'keras.optimizers.Adam'>,0.612,mean_absolute_error,25,5,0.01
5,54.48125,65.35625,65.35625,54.4828125,<class 'keras.optimizers.Adam'>,0.788,mean_absolute_error,25,5,0.01
5,32.31875,36.9671875,36.9671875,32.31796875,<class 'keras.optimizers.Adam'>,0.132,mean_absolute_error,25,5,0.01
5,34.65546875,36.9953125,36.99375,34.65390625,<class 'keras.optimizers.Adam'>,0.0,mean_absolute_error,25,5,0.01
5,32.01015625,34.653125,34.653125,32.01171875,<class 'keras.optimizers.Adam'>,0.008,mean_absolute_error,25,5,0.01
5,85.865625,68.775,68.775,85.865625,<class 'keras.optimizers.Adam'>,0.632,mean_absolute_error,25,5,0.01
5,46.8375,48.8453125,48.8421875,46.8375,<class 'keras.optimizers.Adam'>,0.548,mean_absolute_error,25,5,0.01
5,21.628125,24.765625,24.765625,21.62734375,<class 'keras.optimizers.Adam'>,0.264,mean_absolute_error,25,5,0.01
5,29.63984375,33.1484375,33.1484375,29.63828125,<class 'keras.optimizers.Adam'>,0.084,mean_absolute_error,25,5,0.01
5,62.390625,73.5953125,73.5921875,62.39375,<class 'keras.optimizers.Adam'>,0.032,mean_absolute_error,25,5,0.01
5,111.578125,110.371875,110.375,111.58125,<class 'keras.optimizers.Adam'>,0.988,mean_absolute_error,25,5,0.01
5,63.725,71.484375,71.4875,63.7265625,<class 'keras.optimizers.Adam'>,0.004,mean_absolute_error,25,5,0.01
5,57.00625,54.3234375,54.3234375,57.0078125,<class 'keras.optimizers.Adam'>,0.6960000000000001,mean_absolute_error,25,5,0.01
5,77.89375,50.9890625,50.990625,77.9,<class 'keras.optimizers.Adam'>,0.772,mean_absolute_error,25,5,0.01
5,111.578125,106.2390625,106.2453125,111.58125,<class 'keras.optimizers.Adam'>,0.992,mean_absolute_error,25,5,0.01
5,23.78828125,27.09921875,27.10078125,23.78671875,<class 'keras.optimizers.Adam'>,0.136,mean_absolute_error,25,5,0.01
5,68.534375,79.871875,79.875,68.5375,<class 'keras.optimizers.Adam'>,0.152,mean_absolute_error,25,5,0.01
5,38.4203125,43.525,43.525,38.4203125,<class 'keras.optimizers.Adam'>,0.20800000000000002,mean_absolute_error,25,5,0.01
5,49.5484375,55.6625,55.6609375,49.5484375,<class 'keras.optimizers.Adam'>,0.10400000000000001,mean_absolute_error,25,5,0.01
5,56.6375,61.5203125,61.5203125,56.6359375,<class 'keras.optimizers.Adam'>,0.524,mean_absolute_error,25,5,0.01
5,37.4890625,43.6703125,43.671875,37.490625,<class 'keras.optimizers.Adam'>,0.224,mean_absolute_error,25,5,0.01
5,30.596875,35.8265625,35.825,30.596875,<class 'keras.optimizers.Adam'>,0.2,mean_absolute_error,25,5,0.01
5,23.23828125,25.2984375,25.3,23.23828125,<class 'keras.optimizers.Adam'>,0.056,mean_absolute_error,25,5,0.01
5,111.578125,110.36875,110.36875,111.58125,<class 'keras.optimizers.Adam'>,0.9,mean_absolute_error,25,5,0.01
5,72.2125,70.9859375,70.9890625,72.21875,<class 'keras.optimizers.Adam'>,0.84,mean_absolute_error,25,5,0.01
5,32.84140625,44.7109375,44.7109375,32.83828125,<class 'keras.optimizers.Adam'>,0.88,mean_absolute_error,25,5,0.01
5,111.578125,110.365625,110.371875,111.58125,<class 'keras.optimizers.Adam'>,0.896,mean_absolute_error,25,5,0.01
5,34.50625,40.7125,40.7125,34.50625,<class 'keras.optimizers.Adam'>,0.516,mean_absolute_error,25,5,0.01
5,44.3109375,43.953125,43.953125,44.3109375,<class 'keras.optimizers.Adam'>,0.86,mean_absolute_error,25,5,0.01
5,86.896875,72.3296875,72.3296875,86.896875,<class 'keras.optimizers.Adam'>,0.764,mean_absolute_error,25,5,0.01
5,38.4890625,44.065625,44.0640625,38.4890625,<class 'keras.optimizers.Adam'>,0.656,mean_absolute_error,25,5,0.01
5,25.84296875,28.9453125,28.9453125,25.8421875,<class 'keras.optimizers.Adam'>,0.092,mean_absolute_error,25,5,0.01
5,33.5109375,39.1375,39.1375,33.5125,<class 'keras.optimizers.Adam'>,0.5760000000000001,mean_absolute_error,25,5,0.01
5,27.65,32.665625,32.6640625,27.65078125,<class 'keras.optimizers.Adam'>,0.544,mean_absolute_error,25,5,0.01
5,111.578125,110.3625,110.365625,111.58125,<class 'keras.optimizers.Adam'>,0.92,mean_absolute_error,25,5,0.01
5,50.2625,47.8453125,47.8453125,50.265625,<class 'keras.optimizers.Adam'>,0.812,mean_absolute_error,25,5,0.01
5,21.96953125,25.86328125,25.86328125,21.96953125,<class 'keras.optimizers.Adam'>,0.252,mean_absolute_error,25,5,0.01
5,38.8296875,45.821875,45.8234375,38.8296875,<class 'keras.optimizers.Adam'>,0.304,mean_absolute_error,25,5,0.01
5,111.578125,110.375,110.375,111.58125,<class 'keras.optimizers.Adam'>,0.98,mean_absolute_error,25,5,0.01
5,31.76796875,36.759375,36.759375,31.76796875,<class 'keras.optimizers.Adam'>,0.372,mean_absolute_error,25,5,0.01
5,32.665625,36.9171875,36.9171875,32.66484375,<class 'keras.optimizers.Adam'>,0.176,mean_absolute_error,25,5,0.01
5,28.60390625,35.50234375,35.50390625,28.603125,<class 'keras.optimizers.Adam'>,0.292,mean_absolute_error,25,5,0.01
5,37.715625,42.7515625,42.7515625,37.715625,<class 'keras.optimizers.Adam'>,0.07200000000000001,mean_absolute_error,25,5,0.01
5,42.85625,44.978125,44.978125,42.8578125,<class 'keras.optimizers.Adam'>,0.456,mean_absolute_error,25,5,0.01
5,34.7265625,39.4671875,39.4671875,34.728125,<class 'keras.optimizers.Adam'>,0.592,mean_absolute_error,25,5,0.01
5,39.6875,44.1171875,44.1171875,39.6859375,<class 'keras.optimizers.Adam'>,0.272,mean_absolute_error,25,5,0.01
5,37.053125,41.44375,41.4421875,37.053125,<class 'keras.optimizers.Adam'>,0.488,mean_absolute_error,25,5,0.01
5,38.975,45.028125,45.028125,38.975,<class 'keras.optimizers.Adam'>,0.112,mean_absolute_error,25,5,0.01
5,42.828125,48.35625,48.3546875,42.828125,<class 'keras.optimizers.Adam'>,0.12,mean_absolute_error,25,5,0.01
5,111.578125,110.371875,110.36875,111.58125,<class 'keras.optimizers.Adam'>,0.936,mean_absolute_error,25,5,0.01
5,30.0265625,32.08671875,32.08671875,30.0265625,<class 'keras.optimizers.Adam'>,0.676,mean_absolute_error,25,5,0.01
5,29.77265625,34.81875,34.81875,29.7734375,<class 'keras.optimizers.Adam'>,0.464,mean_absolute_error,25,5,0.01
5,75.90625,81.028125,81.028125,75.9,<class 'keras.optimizers.Adam'>,0.41200000000000003,mean_absolute_error,25,5,0.01
5,24.41953125,27.7765625,27.7765625,24.41796875,<class 'keras.optimizers.Adam'>,0.424,mean_absolute_error,25,5,0.01
5,76.1375,86.921875,86.921875,76.1375,<class 'keras.optimizers.Adam'>,0.052000000000000005,mean_absolute_error,25,5,0.01
5,40.159375,47.16875,47.16875,40.1609375,<class 'keras.optimizers.Adam'>,0.5,mean_absolute_error,25,5,0.01
5,67.4234375,78.8625,78.8625,67.4234375,<class 'keras.optimizers.Adam'>,0.18,mean_absolute_error,25,5,0.01
5,39.675,46.321875,46.3203125,39.675,<class 'keras.optimizers.Adam'>,0.116,mean_absolute_error,25,5,0.01
5,21.978125,24.88046875,24.8796875,21.9765625,<class 'keras.optimizers.Adam'>,0.044,mean_absolute_error,25,5,0.01
5,66.8703125,78.0609375,78.0609375,66.8703125,<class 'keras.optimizers.Adam'>,0.096,mean_absolute_error,25,5,0.01
5,24.0109375,28.93984375,28.9390625,24.0109375,<class 'keras.optimizers.Adam'>,0.78,mean_absolute_error,25,5,0.01
5,36.3515625,42.0390625,42.0375,36.35,<class 'keras.optimizers.Adam'>,0.432,mean_absolute_error,25,5,0.01
5,35.2875,37.34375,37.340625,35.2859375,<class 'keras.optimizers.Adam'>,0.8320000000000001,mean_absolute_error,25,5,0.01
5,111.578125,110.36875,110.36875,111.58125,<class 'keras.optimizers.Adam'>,0.9440000000000001,mean_absolute_error,25,5,0.01
5,27.71171875,30.94921875,30.94921875,27.7109375,<class 'keras.optimizers.Adam'>,0.404,mean_absolute_error,25,5,0.01
5,101.1375,107.353125,107.353125,101.1375,<class 'keras.optimizers.Adam'>,0.892,mean_absolute_error,25,5,0.01
5,37.1703125,43.3375,43.3359375,37.1703125,<class 'keras.optimizers.Adam'>,0.352,mean_absolute_error,25,5,0.01
5,33.7890625,48.125,48.1265625,33.790625,<class 'keras.optimizers.Adam'>,0.904,mean_absolute_error,25,5,0.01
5,54.2421875,72.615625,72.615625,54.240625,<class 'keras.optimizers.Adam'>,0.8240000000000001,mean_absolute_error,25,5,0.01
5,42.06875,59.665625,59.665625,42.0703125,<class 'keras.optimizers.Adam'>,0.724,mean_absolute_error,25,5,0.01
5,37.5078125,44.434375,44.434375,37.5078125,<class 'keras.optimizers.Adam'>,0.668,mean_absolute_error,25,5,0.01
5,33.7625,37.3484375,37.3484375,33.7640625,<class 'keras.optimizers.Adam'>,0.384,mean_absolute_error,25,5,0.01
5,49.603125,49.896875,49.8984375,49.603125,<class 'keras.optimizers.Adam'>,0.552,mean_absolute_error,25,5,0.01
5,103.165625,93.83125,93.828125,103.1625,<class 'keras.optimizers.Adam'>,0.912,mean_absolute_error,25,5,0.01
5,38.4859375,61.51875,61.521875,38.4859375,<class 'keras.optimizers.Adam'>,0.8,mean_absolute_error,25,5,0.01
5,45.1640625,51.3390625,51.340625,45.1640625,<class 'keras.optimizers.Adam'>,0.876,mean_absolute_error,25,5,0.01
5,30.784375,59.975,59.975,30.78359375,<class 'keras.optimizers.Adam'>,0.848,mean_absolute_error,25,5,0.01
5,32.96171875,36.69375,36.69375,32.9609375,<class 'keras.optimizers.Adam'>,0.08,mean_absolute_error,25,5,0.01
5,38.63125,43.9453125,43.9453125,38.6328125,<class 'keras.optimizers.Adam'>,0.28400000000000003,mean_absolute_error,25,5,0.01
5,25.12890625,31.828125,31.8296875,25.12890625,<class 'keras.optimizers.Adam'>,0.784,mean_absolute_error,25,5,0.01
5,33.225,41.7859375,41.7859375,33.225,<class 'keras.optimizers.Adam'>,0.74,mean_absolute_error,25,5,0.01
5,40.590625,45.6921875,45.690625,40.5921875,<class 'keras.optimizers.Adam'>,0.28800000000000003,mean_absolute_error,25,5,0.01
5,50.9984375,57.8234375,57.821875,50.9984375,<class 'keras.optimizers.Adam'>,0.308,mean_absolute_error,25,5,0.01
5,66.8640625,55.8328125,55.834375,66.8671875,<class 'keras.optimizers.Adam'>,0.72,mean_absolute_error,25,5,0.01
5,25.96015625,28.47421875,28.47421875,25.959375,<class 'keras.optimizers.Adam'>,0.156,mean_absolute_error,25,5,0.01
5,55.1890625,65.31875,65.31875,55.1875,<class 'keras.optimizers.Adam'>,0.5680000000000001,mean_absolute_error,25,5,0.01
5,44.09375,48.6546875,48.65625,44.0953125,<class 'keras.optimizers.Adam'>,0.684,mean_absolute_error,25,5,0.01
5,111.578125,110.375,110.371875,111.58125,<class 'keras.optimizers.Adam'>,0.9480000000000001,mean_absolute_error,25,5,0.01
5,111.578125,109.83125,109.83125,111.58125,<class 'keras.optimizers.Adam'>,0.924,mean_absolute_error,25,5,0.01
5,111.578125,110.375,110.371875,111.58125,<class 'keras.optimizers.Adam'>,0.9520000000000001,mean_absolute_error,25,5,0.01
5,114.525,128.6875,128.6875,114.525,<class 'keras.optimizers.Adam'>,0.852,mean_absolute_error,25,5,0.01
5,29.94375,39.5546875,39.5546875,29.9453125,<class 'keras.optimizers.Adam'>,0.796,mean_absolute_error,25,5,0.01
5,35.746875,40.7421875,40.740625,35.746875,<class 'keras.optimizers.Adam'>,0.396,mean_absolute_error,25,5,0.01
5,31.2890625,37.4984375,37.4984375,31.2890625,<class 'keras.optimizers.Adam'>,0.47200000000000003,mean_absolute_error,25,5,0.01
5,111.578125,110.371875,110.371875,111.58125,<class 'keras.optimizers.Adam'>,0.932,mean_absolute_error,25,5,0.01
5,30.6109375,37.7625,37.7640625,30.6109375,<class 'keras.optimizers.Adam'>,0.536,mean_absolute_error,25,5,0.01
5,23.81640625,26.20078125,26.20234375,23.815625,<class 'keras.optimizers.Adam'>,0.06,mean_absolute_error,25,5,0.01
5,38.146875,44.721875,44.721875,38.1453125,<class 'keras.optimizers.Adam'>,0.332,mean_absolute_error,25,5,0.01
5,76.303125,86.978125,86.978125,76.30625,<class 'keras.optimizers.Adam'>,0.268,mean_absolute_error,25,5,0.01
5,18.25234375,23.60078125,23.6015625,18.25234375,<class 'keras.optimizers.Adam'>,0.41600000000000004,mean_absolute_error,25,5,0.01
5,29.2828125,32.75234375,32.75390625,29.2828125,<class 'keras.optimizers.Adam'>,0.32,mean_absolute_error,25,5,0.01
5,20.63671875,24.98046875,24.98046875,20.63671875,<class 'keras.optimizers.Adam'>,0.588,mean_absolute_error,25,5,0.01
5,111.578125,110.371875,110.375,111.58125,<class 'keras.optimizers.Adam'>,0.996,mean_absolute_error,25,5,0.01
5,49.64375,62.140625,62.140625,49.6421875,<class 'keras.optimizers.Adam'>,0.8200000000000001,mean_absolute_error,25,5,0.01
5,68.7265625,70.1296875,70.134375,68.7328125,<class 'keras.optimizers.Adam'>,0.868,mean_absolute_error,25,5,0.01
5,33.928125,36.6046875,36.6046875,33.928125,<class 'keras.optimizers.Adam'>,0.58,mean_absolute_error,25,5,0.01
5,65.24375,62.65625,62.6578125,65.24375,<class 'keras.optimizers.Adam'>,0.776,mean_absolute_error,25,5,0.01
5,60.665625,71.4625,71.465625,60.665625,<class 'keras.optimizers.Adam'>,0.888,mean_absolute_error,25,5,0.01
5,42.79375,49.675,49.6734375,42.7921875,<class 'keras.optimizers.Adam'>,0.276,mean_absolute_error,25,5,0.01
5,33.03828125,37.3046875,37.303125,33.0375,<class 'keras.optimizers.Adam'>,0.14,mean_absolute_error,25,5,0.01
5,27.5703125,30.52578125,30.525,27.56953125,<class 'keras.optimizers.Adam'>,0.336,mean_absolute_error,25,5,0.01
5,42.275,47.503125,47.5046875,42.275,<class 'keras.optimizers.Adam'>,0.756,mean_absolute_error,25,5,0.01
5,21.38984375,24.38828125,24.3875,21.390625,<class 'keras.optimizers.Adam'>,0.628,mean_absolute_error,25,5,0.01
5,30.484375,48.0671875,48.065625,30.48359375,<class 'keras.optimizers.Adam'>,0.908,mean_absolute_error,25,5,0.01
5,75.778125,64.128125,64.121875,75.778125,<class 'keras.optimizers.Adam'>,0.672,mean_absolute_error,25,5,0.01
5,111.578125,109.253125,109.25625,111.58125,<class 'keras.optimizers.Adam'>,0.968,mean_absolute_error,25,5,0.01
5,33.00234375,36.91875,36.91875,33.00234375,<class 'keras.optimizers.Adam'>,0.188,mean_absolute_error,25,5,0.01
5,35.0125,37.5375,37.5390625,35.0109375,<class 'keras.optimizers.Adam'>,0.028,mean_absolute_error,25,5,0.01
5,27.6375,31.953125,31.95390625,27.6375,<class 'keras.optimizers.Adam'>,0.324,mean_absolute_error,25,5,0.01
5,48.5203125,53.246875,53.2484375,48.51875,<class 'keras.optimizers.Adam'>,0.436,mean_absolute_error,25,5,0.01
5,38.528125,48.1359375,48.1375,38.528125,<class 'keras.optimizers.Adam'>,0.66,mean_absolute_error,25,5,0.01
5,51.0328125,57.4171875,57.41875,51.0328125,<class 'keras.optimizers.Adam'>,0.804,mean_absolute_error,25,5,0.01
5,28.6375,33.6,33.60078125,28.6375,<class 'keras.optimizers.Adam'>,0.452,mean_absolute_error,25,5,0.01
5,36.6109375,42.125,42.125,36.6109375,<class 'keras.optimizers.Adam'>,0.248,mean_absolute_error,25,5,0.01
5,23.30703125,25.9703125,25.97109375,23.30625,<class 'keras.optimizers.Adam'>,0.312,mean_absolute_error,25,5,0.01
5,80.81875,80.6875,80.6875,80.81875,<class 'keras.optimizers.Adam'>,0.6,mean_absolute_error,25,5,0.01
5,22.821875,25.4921875,25.49140625,22.821875,<class 'keras.optimizers.Adam'>,0.428,mean_absolute_error,25,5,0.01
5,111.578125,110.36875,110.365625,111.58125,<class 'keras.optimizers.Adam'>,0.964,mean_absolute_error,25,5,0.01
