round_epochs,val_mean_absolute_error,loss,mean_absolute_error,val_loss,optimizer,dropout,losses,batch_size,epochs,lr
5,55.744743377685545,-0.17146213057637213,74.87511608886719,0.0368281877040863,<class 'keras.optimizers.Adam'>,0.396,<function PSNRInverse at 0x7fd0c1c7c9b0>,208,5,0.45000100000000004
5,29.65474687194824,0.03038684605062008,44.79314123535156,0.023326277896761893,<class 'keras.optimizers.Nadam'>,0.66,<function PSNRInverse at 0x7fd0c1c7c9b0>,92,5,0.400002
5,15.418883525848388,20.421496170043945,21.101290187835694,14.745023067474365,<class 'keras.optimizers.Nadam'>,0.528,logcosh,121,5,0.25000500000000003
5,inf,nan,inf,nan,<function customSGD at 0x7fd0c1c7c8c0>,0.33,logcosh,63,5,0.3750025
5,17.07060652542114,19.98154684638977,20.660831287384035,16.392800800323485,<class 'keras.optimizers.Nadam'>,0.396,logcosh,121,5,0.47500050000000005
5,96.72535054016113,-0.004183903641998768,104.94243682861328,-0.22707265162467957,<class 'keras.optimizers.Nadam'>,0.066,<function PSNRInverse at 0x7fd0c1c7c9b0>,237,5,0.0250095
5,inf,inf,inf,inf,<function customSGD at 0x7fd0c1c7c8c0>,0.396,mean_absolute_error,5,5,0.25000500000000003
5,inf,nan,inf,nan,<function customSGD at 0x7fd0c1c7c8c0>,0.924,logcosh,237,5,0.27500450000000004
5,35.077544631958006,0.01195202811807394,51.31122209167481,0.024773431487381457,<class 'keras.optimizers.Adam'>,0.066,<function PSNRInverse at 0x7fd0c1c7c9b0>,266,5,0.45000100000000004
5,52.46768138885498,-0.10851225418969988,75.66931999206543,-0.04285233125090599,<class 'keras.optimizers.Nadam'>,0.264,<function PSNRInverse at 0x7fd0c1c7c9b0>,295,5,0.47500050000000005
5,23.298809070587158,25.271928730010988,25.95385190963745,22.616664638519286,<class 'keras.optimizers.Nadam'>,0.396,logcosh,295,5,0.400002
5,88.27945870971679,92.53384593200684,92.53385676574707,88.27945870971679,<function customSGD at 0x7fd0c1c7c8c0>,0.924,mean_absolute_error,121,5,0.1750065
5,inf,nan,inf,nan,<function customSGD at 0x7fd0c1c7c8c0>,0.132,logcosh,34,5,0.27500450000000004
5,21.527669887542725,23.49673454284668,24.177675971984865,20.848018321990967,<class 'keras.optimizers.Adam'>,0.0,logcosh,295,5,0.20000600000000002
5,nan,nan,nan,nan,<function customSGD at 0x7fd0c1c7c8c0>,0.924,<function PSNRInverse at 0x7fd0c1c7c9b0>,179,5,0.1750065
5,inf,inf,inf,inf,<function customSGD at 0x7fd0c1c7c8c0>,0.0,mean_absolute_error,179,5,0.400002
5,27.878909034729006,31.8700958442688,31.87009662628174,27.878909816741942,<class 'keras.optimizers.Nadam'>,0.132,mean_absolute_error,295,5,0.350003
5,25.41718637084961,31.573131805419923,31.573132446289062,25.41718684387207,<class 'keras.optimizers.Nadam'>,0.66,mean_absolute_error,208,5,0.42500150000000003
5,53.42239419555664,0.040546798974275586,61.56144026184082,0.034602265954017636,<class 'keras.optimizers.Adam'>,0.528,<function PSNRInverse at 0x7fd0c1c7c9b0>,34,5,0.25000500000000003
5,inf,inf,inf,nan,<function customSGD at 0x7fd0c1c7c8c0>,0.462,logcosh,295,5,0.300004
5,42.29421798706055,-0.01197644816711545,46.89459701538086,0.029791656378656627,<class 'keras.optimizers.Adam'>,0.132,<function PSNRInverse at 0x7fd0c1c7c9b0>,295,5,0.42500150000000003
5,inf,2.84066901271742e+30,2.84066901271742e+30,nan,<function customSGD at 0x7fd0c1c7c8c0>,0.396,logcosh,266,5,0.150007
5,45.524668228149416,0.022440668078837916,55.06707843017578,0.03213666496425867,<class 'keras.optimizers.Adam'>,0.726,<function PSNRInverse at 0x7fd0c1c7c9b0>,34,5,0.22500550000000002
5,38.68365325927734,-0.04428202100098133,48.4329833984375,0.027222593314945698,<class 'keras.optimizers.Nadam'>,0.33,<function PSNRInverse at 0x7fd0c1c7c9b0>,150,5,0.47500050000000005
5,19.15546360015869,21.602512741088866,21.602512168884278,19.15546417236328,<class 'keras.optimizers.Adam'>,0.528,mean_absolute_error,150,5,0.45000100000000004
5,34.10829013824463,0.019727997239679097,132.93881217956542,0.01969960218295455,<class 'keras.optimizers.Adam'>,0.924,<function PSNRInverse at 0x7fd0c1c7c9b0>,295,5,0.45000100000000004
5,30.872111167907715,0.02412064852565527,32.17312237548828,0.023571101754903793,<class 'keras.optimizers.Nadam'>,0.462,<function PSNRInverse at 0x7fd0c1c7c9b0>,34,5,0.22500550000000002
5,200.7771590270996,-1.7299474269151687,559.1686103515625,-0.03655656400322914,<class 'keras.optimizers.Adam'>,0.924,<function PSNRInverse at 0x7fd0c1c7c9b0>,237,5,0.0250095
5,65.18808522033692,62.76088146972656,62.76088146972656,65.18808522033692,<class 'keras.optimizers.Adam'>,0.396,mean_absolute_error,179,5,1e-05
5,37.84655551147461,40.15171913909912,40.837177490234374,37.16126340484619,<class 'keras.optimizers.Adam'>,0.792,logcosh,237,5,0.22500550000000002
5,14.20661264038086,16.899551773071288,17.576447052001953,13.533325355529785,<class 'keras.optimizers.Nadam'>,0.924,logcosh,92,5,0.3750025
5,135.11985931396484,-0.6296870276331902,112.97167510986328,-0.04550701398402453,<class 'keras.optimizers.Adam'>,0.528,<function PSNRInverse at 0x7fd0c1c7c9b0>,150,5,0.42500150000000003
5,16.459241619110106,19.566485736846925,19.56648533630371,16.459241619110106,<class 'keras.optimizers.Nadam'>,0.726,mean_absolute_error,121,5,0.3750025
5,10.529248046875,11.473592079162598,11.473591949462891,10.529248046875,<function customSGD at 0x7fd0c1c7c8c0>,0.396,mean_absolute_error,34,5,1e-05
5,53.42092623138428,62.033810111999514,62.03381059265137,53.42092385864258,<function customSGD at 0x7fd0c1c7c8c0>,0.528,mean_absolute_error,63,5,0.27500450000000004
5,24.360946296691896,26.29893808746338,26.981901908874512,23.67887431716919,<class 'keras.optimizers.Nadam'>,0.066,logcosh,179,5,0.25000500000000003
5,48.41054071044922,50.77170056152344,51.45907382202149,47.72385119628906,<class 'keras.optimizers.Nadam'>,0.66,logcosh,208,5,0.0250095
5,24.910616844177245,36.456834243774416,36.456832214355465,24.910615829467773,<class 'keras.optimizers.Nadam'>,0.066,mean_absolute_error,266,5,0.350003
5,31.243059593200684,35.520309432983396,35.52030806732178,31.24305714416504,<class 'keras.optimizers.Adam'>,0.0,mean_absolute_error,179,5,0.150007
5,32.12420119476318,33.455656379699704,34.14030139923096,31.44018158721924,<class 'keras.optimizers.Nadam'>,0.33,logcosh,179,5,0.100008
5,inf,inf,inf,inf,<function customSGD at 0x7fd0c1c7c8c0>,0.924,mean_absolute_error,150,5,0.100008
5,47.105423461914064,55.32073712921142,56.009685203552245,46.417285835266114,<function customSGD at 0x7fd0c1c7c8c0>,0.528,logcosh,63,5,0.350003
5,inf,inf,inf,inf,<function customSGD at 0x7fd0c1c7c8c0>,0.066,mean_absolute_error,92,5,0.12500750000000002
5,24.75698299407959,25.98555564880371,26.666556549072265,24.07761459350586,<class 'keras.optimizers.Adam'>,0.66,logcosh,150,5,0.07500849999999999
5,inf,inf,inf,inf,<function customSGD at 0x7fd0c1c7c8c0>,0.33,mean_absolute_error,150,5,0.22500550000000002
5,nan,nan,nan,nan,<function customSGD at 0x7fd0c1c7c8c0>,0.726,<function PSNRInverse at 0x7fd0c1c7c9b0>,34,5,0.3250035
5,659.9492209472656,651.243908203125,651.2438999023437,659.9492416992188,<class 'keras.optimizers.Nadam'>,0.66,mean_absolute_error,34,5,1e-05
5,135.96986434936522,-0.7771084347367286,119.67076469421387,0.02052785800769925,<class 'keras.optimizers.Adam'>,0.792,<function PSNRInverse at 0x7fd0c1c7c9b0>,295,5,0.100008
5,66.5060962600708,0.0342519887983799,91.68914375305175,-0.22477758625149727,<class 'keras.optimizers.Adam'>,0.33,<function PSNRInverse at 0x7fd0c1c7c9b0>,121,5,0.400002
5,nan,nan,nan,nan,<function customSGD at 0x7fd0c1c7c8c0>,0.792,<function PSNRInverse at 0x7fd0c1c7c9b0>,5,5,0.150007
5,37.477791816711424,33.934885864257815,34.6193597946167,36.792327140808105,<class 'keras.optimizers.Adam'>,0.792,logcosh,179,5,0.3250035
5,9.136231147766113,9.656377643585206,10.319978065490723,8.476063148498536,<class 'keras.optimizers.Adam'>,0.5940000000000001,logcosh,34,5,0.47500050000000005
5,20.79102033996582,19.945152481079102,19.945153182983397,20.791021041870117,<class 'keras.optimizers.Adam'>,0.792,mean_absolute_error,92,5,0.150007
5,17.879275703430174,19.054407119750977,19.732387161254884,17.20275821685791,<class 'keras.optimizers.Adam'>,0.5940000000000001,logcosh,150,5,0.27500450000000004
5,67.7936418914795,-0.026594676226377487,225.19362670898437,0.041220312230288984,<class 'keras.optimizers.Adam'>,0.924,<function PSNRInverse at 0x7fd0c1c7c9b0>,295,5,0.42500150000000003
5,146769628037.12,-0.0024612421984784305,176734146232.32,-0.002481243573129177,<function customSGD at 0x7fd0c1c7c8c0>,0.132,<function PSNRInverse at 0x7fd0c1c7c9b0>,295,5,0.22500550000000002
5,nan,nan,nan,nan,<function customSGD at 0x7fd0c1c7c8c0>,0.33,<function PSNRInverse at 0x7fd0c1c7c9b0>,208,5,0.20000600000000002
5,inf,inf,inf,inf,<function customSGD at 0x7fd0c1c7c8c0>,0.528,mean_absolute_error,121,5,0.3750025
5,17.060276111602782,24.61599547958374,25.296274612426757,16.3876960144043,<class 'keras.optimizers.Nadam'>,0.198,logcosh,179,5,0.42500150000000003
5,18.322265243530275,21.88974094390869,21.889739799499512,18.322265434265137,<class 'keras.optimizers.Nadam'>,0.132,mean_absolute_error,150,5,0.12500750000000002
5,21.190339859008787,24.571544311523436,24.571544052124022,21.1903401184082,<class 'keras.optimizers.Adam'>,0.264,mean_absolute_error,34,5,0.0250095
5,21.453066482543946,0.0043660455802455546,19.72959345817566,0.01962864711880684,<class 'keras.optimizers.Nadam'>,0.924,<function PSNRInverse at 0x7fd0c1c7c9b0>,5,5,0.47500050000000005
5,35.0714068145752,0.031048322632908822,62.02335612487793,0.025718219712376596,<class 'keras.optimizers.Adam'>,0.726,<function PSNRInverse at 0x7fd0c1c7c9b0>,34,5,0.1750065
5,35.919819374084476,44.64182442474365,45.32781095886231,35.2360126953125,<class 'keras.optimizers.Adam'>,0.726,logcosh,237,5,0.12500750000000002
5,68.0768604736328,-0.08263572502136231,69.87978503417969,-0.0004169000387191772,<class 'keras.optimizers.Adam'>,0.066,<function PSNRInverse at 0x7fd0c1c7c9b0>,208,5,0.12500750000000002
5,43.2903044128418,52.93652651977539,53.62343572998047,42.60565255737305,<class 'keras.optimizers.Adam'>,0.132,logcosh,208,5,0.150007
5,29.01402490234375,0.010386031461879611,41.75937908935547,0.021584721244871617,<class 'keras.optimizers.Adam'>,0.726,<function PSNRInverse at 0x7fd0c1c7c9b0>,92,5,0.45000100000000004
5,25.921173717498778,30.643358947753907,30.643359470367432,25.92117233276367,<class 'keras.optimizers.Nadam'>,0.924,mean_absolute_error,121,5,0.1750065
5,inf,nan,inf,nan,<function customSGD at 0x7fd0c1c7c8c0>,0.0,logcosh,179,5,0.3250035
5,42.09999103546143,49.42150060653687,49.42150066375732,42.099991664886474,<function customSGD at 0x7fd0c1c7c8c0>,0.792,mean_absolute_error,5,5,0.050009000000000005
5,24.299560077667238,27.284483810424806,27.284483268737795,24.299560077667238,<class 'keras.optimizers.Nadam'>,0.528,mean_absolute_error,179,5,0.07500849999999999
5,nan,nan,nan,nan,<function customSGD at 0x7fd0c1c7c8c0>,0.0,<function PSNRInverse at 0x7fd0c1c7c9b0>,150,5,0.0250095
5,inf,nan,inf,nan,<function customSGD at 0x7fd0c1c7c8c0>,0.8580000000000001,logcosh,5,5,0.12500750000000002
5,88.67869836425781,93.41333605957031,93.4133316040039,88.67869201660156,<function customSGD at 0x7fd0c1c7c8c0>,0.0,mean_absolute_error,208,5,0.350003
5,26.079345123291017,28.9875816116333,29.670173721313475,25.398964767456054,<class 'keras.optimizers.Nadam'>,0.528,logcosh,266,5,0.25000500000000003
5,inf,nan,inf,nan,<function customSGD at 0x7fd0c1c7c8c0>,0.198,logcosh,92,5,0.3250035
5,31.593596282958984,34.85124508666992,35.53556489562988,30.910514266967773,<class 'keras.optimizers.Nadam'>,0.66,logcosh,266,5,0.07500849999999999
5,39.89245739746094,-0.0018896798938512801,46.31212679290771,0.027750290848314763,<class 'keras.optimizers.Nadam'>,0.462,<function PSNRInverse at 0x7fd0c1c7c9b0>,63,5,0.3250035
5,42.201475479125975,0.02970487594604492,59.27865301513672,0.02663709644973278,<class 'keras.optimizers.Adam'>,0.726,<function PSNRInverse at 0x7fd0c1c7c9b0>,34,5,0.150007
5,6.11675904750824,6.233198037147522,6.880806348323822,5.473192501068115,<class 'keras.optimizers.Adam'>,0.792,logcosh,5,5,0.300004
5,21.370689125061034,24.07618682861328,24.07618682861328,21.370689125061034,<class 'keras.optimizers.Adam'>,0.066,mean_absolute_error,266,5,0.47500050000000005
5,inf,2.2952157883019466e+26,2.2952157883019466e+26,nan,<function customSGD at 0x7fd0c1c7c8c0>,0.132,logcosh,295,5,0.100008
5,inf,inf,inf,inf,<function customSGD at 0x7fd0c1c7c8c0>,0.8580000000000001,mean_absolute_error,63,5,0.22500550000000002
5,43.14797189331055,0.023982832789421083,57.52394595336914,0.015913964278995992,<class 'keras.optimizers.Adam'>,0.5940000000000001,<function PSNRInverse at 0x7fd0c1c7c9b0>,34,5,0.07500849999999999
5,nan,nan,nan,nan,<class 'keras.optimizers.Nadam'>,0.5940000000000001,<function PSNRInverse at 0x7fd0c1c7c9b0>,92,5,0.0250095
5,14.84626226425171,16.99901055145264,16.999010028839113,14.84626180267334,<class 'keras.optimizers.Adam'>,0.528,mean_absolute_error,121,5,0.350003
5,29.494594833374023,0.02573460966348648,35.5995729675293,0.022955322787165642,<class 'keras.optimizers.Adam'>,0.264,<function PSNRInverse at 0x7fd0c1c7c9b0>,92,5,0.20000600000000002
5,18.642570114135744,21.997784938812256,21.997784938812256,18.642571338653564,<class 'keras.optimizers.Adam'>,0.198,mean_absolute_error,179,5,0.3250035
5,24.85505418777466,29.68156732559204,29.681564712524413,24.85505418777466,<class 'keras.optimizers.Adam'>,0.33,mean_absolute_error,237,5,0.12500750000000002
5,70.0601628112793,83.9682956237793,83.96830052185058,70.0601628112793,<class 'keras.optimizers.Nadam'>,0.396,mean_absolute_error,179,5,1e-05
5,nan,nan,nan,nan,<function customSGD at 0x7fd0c1c7c8c0>,0.0,<function PSNRInverse at 0x7fd0c1c7c9b0>,208,5,0.25000500000000003
5,64.47108863830566,68.00047134399414,68.00047134399414,64.47108413696289,<class 'keras.optimizers.Adam'>,0.198,mean_absolute_error,295,5,1e-05
5,67.28658074188232,75.62751759338379,75.62751574707032,67.28658652496338,<function customSGD at 0x7fd0c1c7c8c0>,0.924,mean_absolute_error,121,5,0.3250035
5,40.98646202087402,0.03119509629905224,41.979544448852536,0.025894575715065003,<class 'keras.optimizers.Adam'>,0.132,<function PSNRInverse at 0x7fd0c1c7c9b0>,295,5,0.20000600000000002
5,15.622977111816406,15.555023429870605,16.22998168182373,14.948064468383789,<class 'keras.optimizers.Adam'>,0.528,logcosh,92,5,0.20000600000000002
5,16.316919883728026,17.702301025390625,17.70230207824707,16.316919357299806,<class 'keras.optimizers.Nadam'>,0.264,mean_absolute_error,92,5,0.100008
5,48.0902668762207,51.03148471069336,51.0314853515625,48.09026528930664,<class 'keras.optimizers.Adam'>,0.66,mean_absolute_error,208,5,0.0250095
5,inf,nan,inf,nan,<function customSGD at 0x7fd0c1c7c8c0>,0.264,logcosh,92,5,0.20000600000000002
5,55.99365867614746,-0.03273279070854187,66.19266288757325,-0.18212224401533603,<class 'keras.optimizers.Adam'>,0.198,<function PSNRInverse at 0x7fd0c1c7c9b0>,295,5,0.350003
5,inf,inf,inf,inf,<function customSGD at 0x7fd0c1c7c8c0>,0.726,mean_absolute_error,208,5,0.42500150000000003
5,56.0121759185791,-0.15653275561332702,63.51040727233887,-0.3971545423269272,<class 'keras.optimizers.Nadam'>,0.132,<function PSNRInverse at 0x7fd0c1c7c9b0>,266,5,0.27500450000000004
5,23.375737533569335,27.515362049102784,27.515363414764405,23.375737533569335,<class 'keras.optimizers.Adam'>,0.33,mean_absolute_error,179,5,0.22500550000000002
5,inf,inf,inf,inf,<function customSGD at 0x7fd0c1c7c8c0>,0.5940000000000001,mean_absolute_error,179,5,0.22500550000000002
5,26.91993356704712,34.74245815277099,34.74245971679687,26.919934349060057,<class 'keras.optimizers.Adam'>,0.462,mean_absolute_error,295,5,0.150007
5,19.373423519134523,21.572902336120606,22.25325626373291,18.69509901046753,<class 'keras.optimizers.Adam'>,0.33,logcosh,295,5,0.350003
5,48.089718048095705,-0.14782817394658923,60.808560638427736,0.007537605483084917,<class 'keras.optimizers.Adam'>,0.528,<function PSNRInverse at 0x7fd0c1c7c9b0>,34,5,0.150007
5,nan,nan,nan,nan,<class 'keras.optimizers.Adam'>,0.264,<function PSNRInverse at 0x7fd0c1c7c9b0>,121,5,0.100008
5,46.46125980377197,-0.23641898795962335,48.87443794250488,0.03176670178771019,<class 'keras.optimizers.Nadam'>,0.198,<function PSNRInverse at 0x7fd0c1c7c9b0>,295,5,0.400002
5,10.403484247207642,11.751160818099976,11.751161531448364,10.403484006881714,<class 'keras.optimizers.Adam'>,0.792,mean_absolute_error,63,5,0.350003
5,45.72625450134277,50.899175567626955,51.58654552459717,45.0403405380249,<class 'keras.optimizers.Nadam'>,0.792,logcosh,295,5,0.20000600000000002
5,27.308491241455076,28.713301727294922,28.713302200317383,27.308491241455076,<class 'keras.optimizers.Nadam'>,0.528,mean_absolute_error,208,5,0.22500550000000002
5,15.39107845878601,15.895979734420777,16.571236473083495,14.716625022888184,<class 'keras.optimizers.Nadam'>,0.33,logcosh,63,5,0.25000500000000003
5,37.55053094482422,0.027793459452688695,41.151348541259765,0.026559175491333006,<class 'keras.optimizers.Adam'>,0.066,<function PSNRInverse at 0x7fd0c1c7c9b0>,34,5,0.3250035
5,11.416707078933715,12.67049401664734,12.670493663787841,11.416706838607787,<class 'keras.optimizers.Nadam'>,0.66,mean_absolute_error,63,5,0.400002
5,7.5725642013549805,9.782883791923522,10.447390351295471,6.9203175973892215,<class 'keras.optimizers.Nadam'>,0.792,logcosh,5,5,0.150007
5,29.539892013549803,28.06118925476074,28.744366897583006,28.85732861328125,<class 'keras.optimizers.Nadam'>,0.924,logcosh,208,5,0.12500750000000002
5,18.106964809417725,20.68093447494507,20.68093447494507,18.1069642868042,<class 'keras.optimizers.Adam'>,0.264,mean_absolute_error,121,5,0.20000600000000002
5,17.22372592163086,17.50520704650879,18.182385818481446,16.547095825195314,<class 'keras.optimizers.Nadam'>,0.264,logcosh,208,5,0.150007
5,11.47258476448059,12.891262615203857,13.562428581237793,10.804983066558838,<function customSGD at 0x7fd0c1c7c8c0>,0.33,logcosh,63,5,1e-05
5,16.490127944946288,18.514866447448732,19.190621185302735,15.816256523132324,<class 'keras.optimizers.Adam'>,0.726,logcosh,150,5,0.400002
5,18.903976886749266,19.682778171539308,19.682778171539308,18.903976203918457,<class 'keras.optimizers.Nadam'>,0.198,mean_absolute_error,179,5,0.1750065
5,130.86307669067384,-0.10360330691561102,132.26062097167969,-0.023501734535908328,<class 'keras.optimizers.Adam'>,0.462,<function PSNRInverse at 0x7fd0c1c7c9b0>,34,5,1e-05
5,287.52717163085936,353.5200202636719,353.52003295898436,287.5271589355469,<class 'keras.optimizers.Nadam'>,0.5940000000000001,mean_absolute_error,208,5,1e-05
5,inf,nan,inf,nan,<function customSGD at 0x7fd0c1c7c8c0>,0.5940000000000001,logcosh,179,5,0.0250095
5,121.11812994384766,0.04035283719003201,68.97794502258301,0.1211520772576332,<class 'keras.optimizers.Adam'>,0.198,<function PSNRInverse at 0x7fd0c1c7c9b0>,266,5,0.300004
5,43.081049591064456,-0.12204826521873474,49.760801010131836,0.030036078955978155,<class 'keras.optimizers.Adam'>,0.132,<function PSNRInverse at 0x7fd0c1c7c9b0>,63,5,0.350003
5,6.611447973251343,7.303565220832825,7.30356520652771,6.611447997093201,<class 'keras.optimizers.Nadam'>,0.726,mean_absolute_error,5,5,0.47500050000000005
5,inf,inf,inf,inf,<function customSGD at 0x7fd0c1c7c8c0>,0.726,mean_absolute_error,266,5,0.400002
5,1358.0063544921875,-0.09451961791515351,504.2993337402344,-0.029922826603055,<function customSGD at 0x7fd0c1c7c8c0>,0.528,<function PSNRInverse at 0x7fd0c1c7c9b0>,208,5,0.47500050000000005
5,17.74068768310547,0.018696793593466283,19.162195762634276,0.018100364334881304,<class 'keras.optimizers.Nadam'>,0.066,<function PSNRInverse at 0x7fd0c1c7c9b0>,34,5,0.0250095
5,nan,nan,nan,nan,<class 'keras.optimizers.Adam'>,0.5940000000000001,<function PSNRInverse at 0x7fd0c1c7c9b0>,237,5,0.300004
5,9.250156097412109,9.56891544342041,10.23269915008545,8.588943300247193,<class 'keras.optimizers.Adam'>,0.66,logcosh,34,5,0.3250035
5,inf,nan,inf,nan,<function customSGD at 0x7fd0c1c7c8c0>,0.528,logcosh,34,5,0.350003
5,12.216202117919922,14.577593639373779,15.251947521209717,11.547371196746827,<class 'keras.optimizers.Nadam'>,0.066,logcosh,34,5,0.100008
5,nan,nan,nan,nan,<function customSGD at 0x7fd0c1c7c8c0>,0.264,<function PSNRInverse at 0x7fd0c1c7c9b0>,92,5,0.47500050000000005
5,15.517476079940796,16.725899717330933,16.725899717330933,15.517476207733154,<class 'keras.optimizers.Adam'>,0.66,mean_absolute_error,63,5,0.25000500000000003
5,21.800367218017577,25.696125946044923,25.69612435913086,21.80036801147461,<function customSGD at 0x7fd0c1c7c8c0>,0.528,mean_absolute_error,208,5,1e-05
5,nan,nan,nan,nan,<function customSGD at 0x7fd0c1c7c8c0>,0.264,<function PSNRInverse at 0x7fd0c1c7c9b0>,63,5,0.400002
5,58.19966533660889,0.05846886411309242,92.41257949829101,0.011840682129841297,<class 'keras.optimizers.Adam'>,0.33,<function PSNRInverse at 0x7fd0c1c7c9b0>,295,5,0.42500150000000003
5,inf,inf,inf,inf,<function customSGD at 0x7fd0c1c7c8c0>,0.396,mean_absolute_error,5,5,0.350003
5,52.769869247436525,0.04383940164092928,72.09010700988769,0.03520052232593298,<class 'keras.optimizers.Nadam'>,0.462,<function PSNRInverse at 0x7fd0c1c7c9b0>,63,5,0.100008
5,51.31969808959961,59.50885234069824,60.19735167694092,50.630821922302246,<function customSGD at 0x7fd0c1c7c8c0>,0.264,logcosh,63,5,0.300004
5,inf,inf,inf,inf,<function customSGD at 0x7fd0c1c7c8c0>,0.924,mean_absolute_error,5,5,0.100008
5,9.119672092437744,10.130162586212158,10.796814895629883,8.458808204650879,<class 'keras.optimizers.Nadam'>,0.528,logcosh,34,5,0.22500550000000002
5,77.08016754150391,86.10177001953124,86.10177452087402,77.08017066955567,<class 'keras.optimizers.Nadam'>,0.924,mean_absolute_error,295,5,0.0250095
5,25.478827102661132,31.65733433532715,32.340973556518556,24.79814535522461,<class 'keras.optimizers.Nadam'>,0.462,logcosh,208,5,0.050009000000000005
5,18.63077562713623,21.368359279632568,21.368359741210938,18.63077562713623,<class 'keras.optimizers.Adam'>,0.0,mean_absolute_error,121,5,0.25000500000000003
5,47.637101303100586,0.03260054293274879,51.4813607635498,0.029643642701208592,<class 'keras.optimizers.Adam'>,0.132,<function PSNRInverse at 0x7fd0c1c7c9b0>,266,5,0.150007
5,47.26970153808594,0.022591025315225124,290.66286993408204,0.05039955949783325,<class 'keras.optimizers.Nadam'>,0.792,<function PSNRInverse at 0x7fd0c1c7c9b0>,179,5,0.20000600000000002
5,30.592989864349367,0.02915060204640031,41.85208821868896,0.023818936854600906,<class 'keras.optimizers.Adam'>,0.33,<function PSNRInverse at 0x7fd0c1c7c9b0>,237,5,0.300004
5,95.77389082336425,0.0729798282980919,167.3793657836914,0.06026181238330901,<class 'keras.optimizers.Adam'>,0.8580000000000001,<function PSNRInverse at 0x7fd0c1c7c9b0>,63,5,0.0250095
5,15.065402494430542,16.44499155807495,17.12073723602295,14.391614957809448,<class 'keras.optimizers.Adam'>,0.066,logcosh,179,5,0.3750025
5,nan,nan,nan,nan,<function customSGD at 0x7fd0c1c7c8c0>,0.33,<function PSNRInverse at 0x7fd0c1c7c9b0>,5,5,0.400002
5,10.092435440063477,11.224335777282715,11.224335971832275,10.092435440063477,<class 'keras.optimizers.Adam'>,0.396,mean_absolute_error,34,5,0.350003
5,24.17959405517578,26.83984464263916,27.5223865814209,23.49870541381836,<class 'keras.optimizers.Adam'>,0.396,logcosh,266,5,0.400002
5,inf,1.3236341018930866e+32,1.3236341018930866e+32,inf,<function customSGD at 0x7fd0c1c7c8c0>,0.924,mean_absolute_error,295,5,0.25000500000000003
5,20.611244079589845,25.381663459777833,26.064022018432617,19.931715614318847,<class 'keras.optimizers.Nadam'>,0.264,logcosh,266,5,0.27500450000000004
5,24.274013442993166,29.44518659591675,29.44518581390381,24.27401300430298,<class 'keras.optimizers.Nadam'>,0.924,mean_absolute_error,295,5,0.400002
5,60.42395599365234,-0.017715968169271946,132.8528634033203,0.019601397551596164,<class 'keras.optimizers.Adam'>,0.5940000000000001,<function PSNRInverse at 0x7fd0c1c7c9b0>,266,5,0.47500050000000005
5,10.248140502929688,11.98185496520996,12.652690784454347,9.582651176452636,<class 'keras.optimizers.Nadam'>,0.396,logcosh,34,5,0.20000600000000002
5,21.251818908691405,24.24443069458008,24.24442990112305,21.251818908691405,<class 'keras.optimizers.Adam'>,0.132,mean_absolute_error,208,5,0.27500450000000004
5,18.192063415527343,20.512039276123048,21.191713745117188,17.514580947875977,<class 'keras.optimizers.Nadam'>,0.462,logcosh,92,5,0.20000600000000002
5,nan,nan,nan,nan,<function customSGD at 0x7fd0c1c7c8c0>,0.33,<function PSNRInverse at 0x7fd0c1c7c9b0>,92,5,0.150007
5,15.361883666992188,16.543799545288085,17.220311019897462,14.687080497741698,<class 'keras.optimizers.Nadam'>,0.066,logcosh,92,5,0.22500550000000002
5,nan,0.01985453061759472,1.8688170586810823e+25,nan,<function customSGD at 0x7fd0c1c7c8c0>,0.066,<function PSNRInverse at 0x7fd0c1c7c9b0>,295,5,0.25000500000000003
5,45.25148696899414,45.84342575073242,45.84342498779297,45.25148696899414,<class 'keras.optimizers.Adam'>,0.132,mean_absolute_error,150,5,1e-05
5,71.93401712036133,77.17822262573242,77.86740211486817,71.24461126708984,<function customSGD at 0x7fd0c1c7c8c0>,0.792,logcosh,63,5,0.150007
5,51.61426768493652,0.03447598362714052,57.94340879058838,0.03352983660250902,<class 'keras.optimizers.Nadam'>,0.528,<function PSNRInverse at 0x7fd0c1c7c9b0>,237,5,0.22500550000000002
5,101.54155397033692,103.13217500305176,103.82359106445313,100.84870851135254,<function customSGD at 0x7fd0c1c7c8c0>,0.0,logcosh,179,5,0.27500450000000004
5,inf,inf,inf,inf,<function customSGD at 0x7fd0c1c7c8c0>,0.396,mean_absolute_error,92,5,0.050009000000000005
5,23.89770839691162,25.12132894897461,25.802200462341307,23.218083297729493,<class 'keras.optimizers.Nadam'>,0.5940000000000001,logcosh,266,5,0.12500750000000002
5,inf,nan,inf,nan,<function customSGD at 0x7fd0c1c7c8c0>,0.066,logcosh,150,5,0.300004
5,nan,nan,nan,nan,<function customSGD at 0x7fd0c1c7c8c0>,0.792,<function PSNRInverse at 0x7fd0c1c7c9b0>,237,5,0.07500849999999999
5,9.828588287353515,12.348095031738282,12.348095188140869,9.828588314056397,<class 'keras.optimizers.Nadam'>,0.8580000000000001,mean_absolute_error,34,5,0.47500050000000005
5,47.425216186523436,0.039905442416667936,57.62086834716797,0.03234667938947677,<class 'keras.optimizers.Adam'>,0.33,<function PSNRInverse at 0x7fd0c1c7c9b0>,92,5,0.100008
5,26.22782454299927,29.296067352294923,29.29606736755371,26.227824062347413,<class 'keras.optimizers.Adam'>,0.33,mean_absolute_error,63,5,0.050009000000000005
5,35.46605221557617,-0.06462357135093771,39.55703402709961,-0.002583730883896351,<class 'keras.optimizers.Nadam'>,0.066,<function PSNRInverse at 0x7fd0c1c7c9b0>,92,5,0.400002
5,10.400678833007813,9.943937557220458,10.609642566680908,9.73558629989624,<class 'keras.optimizers.Nadam'>,0.0,logcosh,34,5,0.27500450000000004
5,12.555597322463989,14.464185195922852,14.46418543624878,12.555597322463989,<class 'keras.optimizers.Nadam'>,0.5940000000000001,mean_absolute_error,63,5,0.47500050000000005
5,nan,nan,nan,nan,<function customSGD at 0x7fd0c1c7c8c0>,0.132,<function PSNRInverse at 0x7fd0c1c7c9b0>,34,5,0.350003
5,17.55082514190674,20.36901774215698,20.36901774215698,17.55082514190674,<class 'keras.optimizers.Adam'>,0.462,mean_absolute_error,179,5,0.350003
5,8.613394716262817,9.256105529785156,9.256105529785156,8.613394697189332,<class 'keras.optimizers.Adam'>,0.924,mean_absolute_error,34,5,0.3250035
5,inf,inf,inf,nan,<function customSGD at 0x7fd0c1c7c8c0>,0.726,logcosh,295,5,0.45000100000000004
5,58.2200213470459,-0.13653621339797975,61.367239517211914,0.036962072655558585,<class 'keras.optimizers.Nadam'>,0.132,<function PSNRInverse at 0x7fd0c1c7c9b0>,266,5,0.22500550000000002
5,11.438381881713868,11.890029914855957,11.890029720306396,11.43838175201416,<class 'keras.optimizers.Nadam'>,0.726,mean_absolute_error,34,5,0.3750025
5,inf,nan,inf,nan,<function customSGD at 0x7fd0c1c7c8c0>,0.066,logcosh,34,5,0.3750025
5,9.008848106384278,10.994172580718994,10.994172645568847,9.008847541809082,<class 'keras.optimizers.Nadam'>,0.792,mean_absolute_error,34,5,0.42500150000000003
5,95.58664059448242,98.79007293701171,98.7900769958496,95.58664059448242,<function customSGD at 0x7fd0c1c7c8c0>,0.066,mean_absolute_error,266,5,0.47500050000000005
5,36.418785419464115,-0.33864407332148405,47.648558158874515,0.026128016002476214,<class 'keras.optimizers.Adam'>,0.528,<function PSNRInverse at 0x7fd0c1c7c9b0>,5,5,0.45000100000000004
5,inf,nan,inf,nan,<function customSGD at 0x7fd0c1c7c8c0>,0.396,logcosh,150,5,0.22500550000000002
5,4.5628729737642895e+32,1.5548296744996958e+22,1.5548296744996958e+22,4.562872611666828e+32,<function customSGD at 0x7fd0c1c7c8c0>,0.726,logcosh,266,5,0.100008
5,55.42454405212403,55.4817103729248,55.48171418762207,55.42454023742676,<class 'keras.optimizers.Nadam'>,0.528,mean_absolute_error,266,5,0.150007
5,23.83585397720337,29.248131027221678,29.931411743164062,23.155041179656983,<class 'keras.optimizers.Adam'>,0.0,logcosh,295,5,0.400002
5,28.055707035064696,29.330584316253663,30.013836784362795,27.372907485961914,<class 'keras.optimizers.Nadam'>,0.066,logcosh,295,5,0.27500450000000004
5,inf,inf,inf,inf,<function customSGD at 0x7fd0c1c7c8c0>,0.792,mean_absolute_error,121,5,0.47500050000000005
5,inf,nan,inf,nan,<function customSGD at 0x7fd0c1c7c8c0>,0.792,logcosh,150,5,0.27500450000000004
5,inf,nan,inf,nan,<function customSGD at 0x7fd0c1c7c8c0>,0.8580000000000001,logcosh,5,5,0.150007
5,33.35284634399414,33.04003651428223,33.72437712097168,32.66881260681152,<class 'keras.optimizers.Nadam'>,0.792,logcosh,179,5,0.07500849999999999
5,36.982309997558595,0.030045607641339303,47.48884854125976,0.02677871027588844,<class 'keras.optimizers.Adam'>,0.5940000000000001,<function PSNRInverse at 0x7fd0c1c7c9b0>,92,5,0.12500750000000002
5,inf,0.009475273817777633,1618.7878544921875,0.022150263518095018,<function customSGD at 0x7fd0c1c7c8c0>,0.264,<function PSNRInverse at 0x7fd0c1c7c9b0>,208,5,0.47500050000000005
5,49.43084083557129,0.031143607466947287,51.719887008666994,0.032753972690552476,<class 'keras.optimizers.Adam'>,0.792,<function PSNRInverse at 0x7fd0c1c7c9b0>,5,5,0.07500849999999999
5,92.25601635742187,-0.14454675647057594,93.61612774658204,-0.011088073179125786,<class 'keras.optimizers.Adam'>,0.066,<function PSNRInverse at 0x7fd0c1c7c9b0>,63,5,1e-05
5,7.954381536483765,8.21957822227478,8.87835863494873,7.2999882354736325,<class 'keras.optimizers.Adam'>,0.528,logcosh,34,5,0.45000100000000004
5,19.590325546264648,22.69065055847168,23.370552444458006,18.91283073425293,<class 'keras.optimizers.Adam'>,0.264,logcosh,150,5,0.300004
5,36.44205755615234,0.05725756742060185,75.02499847412109,-0.0739025731086731,<class 'keras.optimizers.Nadam'>,0.726,<function PSNRInverse at 0x7fd0c1c7c9b0>,208,5,0.3750025
5,84.49567156982422,-0.1249498410820961,86.70853875732422,0.010930984482169151,<class 'keras.optimizers.Adam'>,0.066,<function PSNRInverse at 0x7fd0c1c7c9b0>,92,5,0.22500550000000002
5,57.881278671264646,-0.8393239018321037,63.03030677032471,-0.0049674310609698295,<class 'keras.optimizers.Adam'>,0.5940000000000001,<function PSNRInverse at 0x7fd0c1c7c9b0>,179,5,0.150007
5,23.616131248474122,0.02837838137894869,40.76168605041504,0.02051991057395935,<class 'keras.optimizers.Nadam'>,0.792,<function PSNRInverse at 0x7fd0c1c7c9b0>,34,5,0.1750065
5,13.113438972473144,14.37805982208252,14.378059997558594,13.113438972473144,<class 'keras.optimizers.Adam'>,0.396,mean_absolute_error,92,5,0.42500150000000003
5,inf,nan,inf,nan,<function customSGD at 0x7fd0c1c7c8c0>,0.5940000000000001,logcosh,237,5,0.20000600000000002
5,107.00008822631835,106.46800723266601,107.15935623168946,106.30692672729492,<function customSGD at 0x7fd0c1c7c8c0>,0.528,logcosh,266,5,0.1750065
5,inf,inf,inf,inf,<function customSGD at 0x7fd0c1c7c8c0>,0.396,mean_absolute_error,179,5,0.22500550000000002
5,17.28826040649414,16.45762117767334,16.45762133026123,17.288261108398437,<class 'keras.optimizers.Nadam'>,0.396,mean_absolute_error,92,5,0.350003
5,17.251642532348633,19.389410320281982,20.067788398742675,16.57591571044922,<class 'keras.optimizers.Nadam'>,0.198,logcosh,121,5,0.0250095
5,59.357980110168455,0.016947208397090435,64.19923803710938,-0.01940167027711868,<class 'keras.optimizers.Adam'>,0.198,<function PSNRInverse at 0x7fd0c1c7c9b0>,63,5,1e-05
5,inf,nan,inf,nan,<function customSGD at 0x7fd0c1c7c8c0>,0.33,logcosh,63,5,0.07500849999999999
5,33.6167610168457,43.96114112854004,44.64752464294433,32.932434272766116,<class 'keras.optimizers.Adam'>,0.132,logcosh,295,5,0.27500450000000004
5,23.797132862091065,25.822619552612306,25.82261884689331,23.797130348205567,<class 'keras.optimizers.Nadam'>,0.462,mean_absolute_error,237,5,0.22500550000000002
5,22.01657453918457,25.74523761367798,25.74523761367798,22.01657385635376,<class 'keras.optimizers.Adam'>,0.528,mean_absolute_error,179,5,0.45000100000000004
5,inf,inf,inf,inf,<function customSGD at 0x7fd0c1c7c8c0>,0.462,mean_absolute_error,150,5,0.12500750000000002
5,15.38623703956604,16.63464782333374,17.31116901397705,14.712827890396118,<class 'keras.optimizers.Adam'>,0.462,logcosh,121,5,0.3250035
5,23.570269222259522,0.021522793173789977,25.717896738052367,0.02055259693413973,<class 'keras.optimizers.Adam'>,0.264,<function PSNRInverse at 0x7fd0c1c7c9b0>,5,5,0.350003
5,44.33646089172363,0.030257406175136566,52.68465219116211,0.030005167216062546,<class 'keras.optimizers.Nadam'>,0.396,<function PSNRInverse at 0x7fd0c1c7c9b0>,266,5,0.27500450000000004
5,40.93207074737549,0.03395966435223818,50.45385847473145,0.02031558345258236,<class 'keras.optimizers.Nadam'>,0.5940000000000001,<function PSNRInverse at 0x7fd0c1c7c9b0>,237,5,0.20000600000000002
5,46.73722819519043,-0.02410440695285797,237.5410160522461,-0.06075231786072254,<class 'keras.optimizers.Nadam'>,0.8580000000000001,<function PSNRInverse at 0x7fd0c1c7c9b0>,266,5,0.400002
5,18.096155136108397,19.744804168701172,20.422710418701172,17.420938507080077,<class 'keras.optimizers.Adam'>,0.726,logcosh,208,5,0.25000500000000003
5,19.513382530212404,20.759064292907716,21.43902015686035,18.83375949859619,<class 'keras.optimizers.Nadam'>,0.066,logcosh,150,5,0.20000600000000002
5,24.476696460723876,26.99890069961548,27.681068344116213,23.796062812805175,<class 'keras.optimizers.Adam'>,0.528,logcosh,237,5,0.12500750000000002
5,19.140696907043456,20.580039024353027,20.580039024353027,19.140696334838868,<class 'keras.optimizers.Adam'>,0.792,mean_absolute_error,150,5,0.27500450000000004
5,inf,inf,inf,inf,<function customSGD at 0x7fd0c1c7c8c0>,0.924,mean_absolute_error,92,5,0.25000500000000003
5,19.129149002075195,21.781569519042968,21.781569519042968,19.129149551391603,<class 'keras.optimizers.Adam'>,0.198,mean_absolute_error,92,5,0.25000500000000003
5,nan,nan,nan,nan,<function customSGD at 0x7fd0c1c7c8c0>,0.396,<function PSNRInverse at 0x7fd0c1c7c9b0>,34,5,0.0250095
5,18.76962658691406,18.952316680908204,18.952316329956055,18.769626739501952,<class 'keras.optimizers.Nadam'>,0.264,mean_absolute_error,92,5,0.1750065
5,38.98209553527832,-0.015827146377414465,45.936886428833006,0.027896908290684225,<class 'keras.optimizers.Nadam'>,0.396,<function PSNRInverse at 0x7fd0c1c7c9b0>,179,5,0.300004
5,nan,0.03743874043226242,inf,nan,<function customSGD at 0x7fd0c1c7c8c0>,0.528,<function PSNRInverse at 0x7fd0c1c7c9b0>,295,5,0.350003
5,inf,inf,inf,inf,<function customSGD at 0x7fd0c1c7c8c0>,0.462,mean_absolute_error,208,5,0.300004
5,161.33986755371095,108.9595228881836,108.95951971435547,161.33986755371095,<class 'keras.optimizers.Nadam'>,0.8580000000000001,mean_absolute_error,208,5,1e-05
5,63.46561563110352,-0.06578163519501685,208.86195288085938,-0.06202675896883011,<class 'keras.optimizers.Adam'>,0.924,<function PSNRInverse at 0x7fd0c1c7c9b0>,208,5,0.47500050000000005
5,inf,nan,inf,nan,<function customSGD at 0x7fd0c1c7c8c0>,0.33,logcosh,5,5,0.050009000000000005
5,45.55352639770508,0.024493333905935288,51.82857034301758,0.03298774094879627,<class 'keras.optimizers.Adam'>,0.33,<function PSNRInverse at 0x7fd0c1c7c9b0>,208,5,0.050009000000000005
5,nan,nan,nan,nan,<function customSGD at 0x7fd0c1c7c8c0>,0.462,<function PSNRInverse at 0x7fd0c1c7c9b0>,63,5,0.3750025
5,7.112665753364563,7.988075213432312,7.988075251579285,7.112665772438049,<class 'keras.optimizers.Nadam'>,0.132,mean_absolute_error,5,5,0.400002
5,nan,0.014414494059979915,6.1925096765872584e+32,nan,<function customSGD at 0x7fd0c1c7c8c0>,0.198,<function PSNRInverse at 0x7fd0c1c7c9b0>,266,5,0.350003
5,inf,inf,inf,nan,<function customSGD at 0x7fd0c1c7c8c0>,0.198,logcosh,295,5,0.3750025
5,52.35135900878906,0.026158550836145877,62.3706961517334,0.016819363221526145,<class 'keras.optimizers.Adam'>,0.396,<function PSNRInverse at 0x7fd0c1c7c9b0>,237,5,0.12500750000000002
5,17.020711338043213,18.09189897155762,18.770524631500244,16.343852825164795,<class 'keras.optimizers.Nadam'>,0.0,logcosh,121,5,0.3250035
5,20.539124908447267,24.349272583007814,25.030948165893555,19.85847537231445,<class 'keras.optimizers.Nadam'>,0.33,logcosh,208,5,0.45000100000000004
5,43.50635505676269,49.70851425170898,49.70851425170898,43.50635505676269,<class 'keras.optimizers.Nadam'>,0.462,mean_absolute_error,266,5,0.350003
5,6.948719301223755,6.969019536972046,7.621631903648376,6.299101986885071,<class 'keras.optimizers.Adam'>,0.8580000000000001,logcosh,5,5,0.150007
5,28.580248329162597,31.2956753616333,31.978706398010253,27.897553718566893,<class 'keras.optimizers.Adam'>,0.5940000000000001,logcosh,266,5,0.350003
5,inf,nan,inf,nan,<function customSGD at 0x7fd0c1c7c8c0>,0.66,logcosh,34,5,0.3750025
5,nan,nan,nan,nan,<function customSGD at 0x7fd0c1c7c8c0>,0.5940000000000001,<function PSNRInverse at 0x7fd0c1c7c9b0>,5,5,0.050009000000000005
5,11.906746002197266,13.173576675415038,13.173576675415038,11.906746078491212,<class 'keras.optimizers.Adam'>,0.462,mean_absolute_error,92,5,0.350003
5,inf,inf,inf,inf,<function customSGD at 0x7fd0c1c7c8c0>,0.198,mean_absolute_error,34,5,0.25000500000000003
5,inf,inf,inf,inf,<function customSGD at 0x7fd0c1c7c8c0>,0.198,mean_absolute_error,179,5,0.150007
5,9.381301132202148,9.73623899269104,10.40086784362793,8.71933074951172,<class 'keras.optimizers.Adam'>,0.066,logcosh,34,5,0.3250035
5,17.267633270263673,19.04466262817383,19.044662166595458,17.267632808685303,<class 'keras.optimizers.Adam'>,0.924,mean_absolute_error,121,5,0.25000500000000003
5,18.345656433105468,21.862661697387697,21.862661193847657,18.345656433105468,<class 'keras.optimizers.Nadam'>,0.066,mean_absolute_error,92,5,0.400002
5,inf,1.2836708371552423e+27,1.2836708371552423e+27,nan,<function customSGD at 0x7fd0c1c7c8c0>,0.0,logcosh,295,5,0.12500750000000002
5,inf,inf,inf,inf,<function customSGD at 0x7fd0c1c7c8c0>,0.66,mean_absolute_error,237,5,0.1750065
5,41.81778939819336,0.07714670049399137,86.68698617553711,0.02807037501037121,<class 'keras.optimizers.Adam'>,0.792,<function PSNRInverse at 0x7fd0c1c7c9b0>,92,5,0.3250035
5,27.040951499938966,32.96170032501221,32.96170032501221,27.040951499938966,<class 'keras.optimizers.Nadam'>,0.66,mean_absolute_error,295,5,0.12500750000000002
5,14.163370094299317,17.25449296951294,17.25449351119995,14.163370365142823,<class 'keras.optimizers.Nadam'>,0.5940000000000001,mean_absolute_error,179,5,0.1750065
5,38.94361834716797,0.015548525482416153,48.39672912597656,0.027911454975605012,<class 'keras.optimizers.Adam'>,0.396,<function PSNRInverse at 0x7fd0c1c7c9b0>,92,5,0.400002
5,10.354514179229737,12.051863471984863,12.051863212585449,10.354514179229737,<class 'keras.optimizers.Nadam'>,0.792,mean_absolute_error,34,5,0.1750065
5,nan,nan,nan,nan,<class 'keras.optimizers.Adam'>,0.66,<function PSNRInverse at 0x7fd0c1c7c9b0>,92,5,0.22500550000000002
5,35.75586331939697,-0.006972928690724075,67.67034312438965,0.025995055571198463,<class 'keras.optimizers.Adam'>,0.8580000000000001,<function PSNRInverse at 0x7fd0c1c7c9b0>,121,5,0.3250035
5,7.068252000808716,7.66305178642273,7.663051776885986,7.068251948356629,<class 'keras.optimizers.Adam'>,0.528,mean_absolute_error,5,5,0.22500550000000002
5,inf,nan,inf,nan,<function customSGD at 0x7fd0c1c7c8c0>,0.924,logcosh,150,5,0.07500849999999999
5,29.017475337982177,32.1963179397583,32.879530334472655,28.33539888381958,<class 'keras.optimizers.Adam'>,0.0,logcosh,295,5,0.3750025
5,inf,nan,inf,nan,<function customSGD at 0x7fd0c1c7c8c0>,0.5940000000000001,logcosh,34,5,0.1750065
5,109.22670866394043,108.78946488952637,108.78946127319335,109.2266837463379,<function customSGD at 0x7fd0c1c7c8c0>,0.726,mean_absolute_error,237,5,0.050009000000000005
5,40.84145294189453,-0.07993879526853562,149.42547988891602,0.028251595981419086,<class 'keras.optimizers.Adam'>,0.924,<function PSNRInverse at 0x7fd0c1c7c9b0>,295,5,0.22500550000000002
5,nan,0.13722331751696765,inf,nan,<function customSGD at 0x7fd0c1c7c8c0>,0.66,<function PSNRInverse at 0x7fd0c1c7c9b0>,266,5,0.350003
5,6.499432768821716,7.309742074012757,7.965311574935913,5.8513760662078855,<class 'keras.optimizers.Nadam'>,0.66,logcosh,5,5,0.400002
5,47.72428088378906,-0.06347537451982498,202.5101318359375,0.01611818554997444,<class 'keras.optimizers.Adam'>,0.8580000000000001,<function PSNRInverse at 0x7fd0c1c7c9b0>,208,5,1e-05
5,19.126579189300536,20.00140619277954,20.001407417297365,19.126578647613524,<class 'keras.optimizers.Nadam'>,0.924,mean_absolute_error,179,5,0.3750025
5,47.392261108398436,-0.3633055301606655,51.73284298706055,0.03124949872493744,<class 'keras.optimizers.Nadam'>,0.066,<function PSNRInverse at 0x7fd0c1c7c9b0>,92,5,0.45000100000000004
5,inf,nan,inf,nan,<function customSGD at 0x7fd0c1c7c8c0>,0.528,logcosh,237,5,0.25000500000000003
5,nan,0.06773569416999817,6.025494576108047e+31,nan,<function customSGD at 0x7fd0c1c7c8c0>,0.5940000000000001,<function PSNRInverse at 0x7fd0c1c7c9b0>,266,5,0.150007
5,16.187499029159547,15.994184364318848,16.671272809982298,15.51052368736267,<class 'keras.optimizers.Nadam'>,0.528,logcosh,63,5,0.45000100000000004
5,55.96620910644531,0.01995130677521229,61.490006805419924,0.030870336398482322,<class 'keras.optimizers.Nadam'>,0.264,<function PSNRInverse at 0x7fd0c1c7c9b0>,92,5,0.0250095
5,14.586692176818847,16.636873092651367,16.636873092651367,14.586692375183105,<class 'keras.optimizers.Adam'>,0.528,mean_absolute_error,92,5,0.22500550000000002
5,nan,nan,nan,nan,<function customSGD at 0x7fd0c1c7c8c0>,0.132,<function PSNRInverse at 0x7fd0c1c7c9b0>,208,5,0.3750025
5,32.99812777709961,40.68791354370117,41.37353198242187,32.31472462463379,<class 'keras.optimizers.Adam'>,0.264,logcosh,208,5,0.07500849999999999
5,inf,inf,inf,inf,<function customSGD at 0x7fd0c1c7c8c0>,0.66,mean_absolute_error,266,5,0.45000100000000004
5,15.861909868240357,18.018032695770263,18.694076461791994,15.18875564956665,<class 'keras.optimizers.Adam'>,0.264,logcosh,179,5,0.22500550000000002
5,77.42339782714843,-0.15865021839737892,109.50590858459472,0.051032948307693005,<class 'keras.optimizers.Nadam'>,0.8580000000000001,<function PSNRInverse at 0x7fd0c1c7c9b0>,295,5,0.25000500000000003
5,20.012534976959227,23.30755040359497,23.307551208496093,20.012534172058107,<class 'keras.optimizers.Adam'>,0.5940000000000001,mean_absolute_error,237,5,0.150007
5,inf,nan,inf,nan,<function customSGD at 0x7fd0c1c7c8c0>,0.924,logcosh,121,5,0.100008
5,inf,inf,inf,inf,<function customSGD at 0x7fd0c1c7c8c0>,0.66,mean_absolute_error,150,5,0.050009000000000005
5,nan,nan,nan,nan,<function customSGD at 0x7fd0c1c7c8c0>,0.726,<function PSNRInverse at 0x7fd0c1c7c9b0>,63,5,0.350003
5,20.21712781524658,22.051482440948487,22.73130588912964,19.539185573577882,<class 'keras.optimizers.Adam'>,0.726,logcosh,179,5,0.350003
5,24.187848678588868,26.666780727386474,27.34771100997925,23.50855076599121,<class 'keras.optimizers.Adam'>,0.066,logcosh,179,5,0.3250035
5,43.75205003356933,0.01970595731586218,66.24943771362305,0.02905465851351619,<class 'keras.optimizers.Adam'>,0.198,<function PSNRInverse at 0x7fd0c1c7c9b0>,121,5,0.47500050000000005
5,127.11410815429687,-0.00347728031873703,129.13716333007812,-0.04484621924161911,<class 'keras.optimizers.Nadam'>,0.462,<function PSNRInverse at 0x7fd0c1c7c9b0>,92,5,1e-05
5,inf,9.591298076828064e+19,9.591298076828064e+19,inf,<function customSGD at 0x7fd0c1c7c8c0>,0.396,mean_absolute_error,295,5,0.20000600000000002
